<?xml version="1.0" encoding="utf-8"?>
<QuestionsSet type="AwanturaLib.QuestionsSet">
    <Questions>
        <Item>
            <Key>Pilka nozna</Key>
            <Value>
                <Question type="AwanturaLib.Question">
                    <Content>W którym roku Polska zdobyła mistrzostwo olimpijskie w piłce nożnej?</Content>
                    <Tip1>1972</Tip1>
                    <Tip2>1960</Tip2>
                    <Tip3>1952</Tip3>
                    <Tip4>1976</Tip4>
                    <Used>False</Used>
                </Question>
				<Question type="AwanturaLib.Question">
                    <Content>Kto był selekcjonerem reprezentacji Polski w piłce nożnej w latach 2000-2002?</Content>
                    <Tip1>Jerzy Engel</Tip1>
                    <Tip2>Janusz Wójcik</Tip2>
                    <Tip3>Paweł Janas</Tip3>
                    <Tip4>Zbigniew Boniek</Tip4>
                    <Used>False</Used>
                </Question>
                <Question type="AwanturaLib.Question">
                    <Content>Jaki wynik w dwumeczu osiągnęła Legia Warszawa w Lidze Mistrzów w sezonie 2016/17 rywalizując z Realem Madryt?</Content>
                    <Tip1>4-8</Tip1>
                    <Tip2>1-5</Tip2>
                    <Tip3>3-3</Tip3>
                    <Tip4>2-6</Tip4>
                    <Used>False</Used>
                </Question>
                <Question type="AwanturaLib.Question">
                    <Content>Która drużyna jest najbardziej utytułowanym klubem w Anglii (łączna liczba trofeów)?</Content>
                    <Tip1>Manchester United</Tip1>
                    <Tip2>Liverpool FC</Tip2>
                    <Tip3>Arsenal Londym</Tip3>
                    <Tip4>Chelsea Londyn</Tip4>
                    <Used>False</Used>
                </Question>
                <Question type="AwanturaLib.Question">
                    <Content>Który z polskich piłkarzy zaliczył najwięcej występów w polskiej reprezentacji?</Content>
                    <Tip1>Michał Żewłakow</Tip1>
                    <Tip2>Grzegorz Lato</Tip2>
                    <Tip3>Jakub Błaszczykowski</Tip3>
                    <Tip4>Robert Lewandowski</Tip4>
                    <Used>False</Used>
                </Question>
                <Question type="AwanturaLib.Question">
                    <Content>W jakiej piłkarskiej lidze gra klub Utrecht?</Content>
                    <Tip1>holenderskiej</Tip1>
                    <Tip2>francuskiej</Tip2>
                    <Tip3>belgijskiej</Tip3>
                    <Tip4>szwajcarskiej</Tip4>
                    <Used>False</Used>
                </Question>
                <Question type="AwanturaLib.Question">
                    <Content>Inter Mediolan, Real Madryt, FC Barcelona, PSV Eindhoven, AC Milan. Kto występował w tych wszystkich klubach?</Content>
                    <Tip1>Ronaldo</Tip1>
                    <Tip2>Zlatan Ibrahimovic</Tip2>
                    <Tip3>Johan Cruyf </Tip3>
                    <Tip4>Marco van Basten</Tip4>
                    <Used>False</Used>
                </Question>
                <Question type="AwanturaLib.Question">
                    <Content>Która drużyna najwięcej razy (5) wygrała Ligę Europy (poprzednio Puchar UEFA)?</Content>
                    <Tip1>Sevilla FC</Tip1>
                    <Tip2>Juventus Turyn</Tip2>
                    <Tip3>Real Madryt</Tip3>
                    <Tip4>Inter Mediolan</Tip4>
                    <Used>False</Used>
                </Question>
                <Question type="AwanturaLib.Question">
                    <Content>Reprezentacja jakiego państwa jest obecnym mistrzem świata w piłce nożnej?</Content>
                    <Tip1>Niemiec</Tip1>
                    <Tip2>Argentyny</Tip2>
                    <Tip3>Brazylii</Tip3>
                    <Tip4>Włoch</Tip4>
                    <Used>False</Used>
                </Question>
                <Question type="AwanturaLib.Question">
                    <Content>Kto był pierwszym zwycięzcą Złotej Piłki?</Content>
                    <Tip1>Stanley Matthews</Tip1>
                    <Tip2>Ferenc Puskas</Tip2>
                    <Tip3>Alfredi di Stefano</Tip3>
                    <Tip4>Raymond Kopaszewski</Tip4>
                    <Used>False</Used>
                </Question>
            </Value>
        </Item>
        <Item>
            <Key>Biologia</Key>
            <Value>
                <Question type="AwanturaLib.Question">
                    <Content>"W którym wieku została wymyślona nazwa dziedziny nauki ""biologia""?"</Content>
                    <Tip1>XIX</Tip1>
                    <Tip2>XV</Tip2>
                    <Tip3>XIII</Tip3>
                    <Tip4>XVII</Tip4>
                    <Used>False</Used>
                </Question>
                <Question type="AwanturaLib.Question">
                    <Content>Jaki nukleotyd łączy się z tyminą?</Content>
                    <Tip1>adenina</Tip1>
                    <Tip2>cytozyna </Tip2>
                    <Tip3>guanina</Tip3>
                    <Tip4>uracyl</Tip4>
                    <Used>False</Used>
                </Question>
                <Question type="AwanturaLib.Question">
                    <Content>W jaki sposób rozmnażają się drożdże?</Content>
                    <Tip1>przez pączkowanie</Tip1>
                    <Tip2>przez regenerację</Tip2>
                    <Tip3>poprzez zarodniki</Tip3>
                    <Tip4>poprzez podział komórki</Tip4>
                    <Used>False</Used>
                </Question>
                <Question type="AwanturaLib.Question">
                    <Content>Ile u człowieka występuje nerwów rdzeniowych?</Content>
                    <Tip1>31 par</Tip1>
                    <Tip2>39 par</Tip2>
                    <Tip3>65 par</Tip3>
                    <Tip4>44 pary</Tip4>
                    <Used>False</Used>
                </Question>
                <Question type="AwanturaLib.Question">
                    <Content>Jak nazywa się najmniejsza jednostka budulcowa i funkcjonalna organizmu?</Content>
                    <Tip1>komórka</Tip1>
                    <Tip2>bakteria</Tip2>
                    <Tip3>mitochondrium</Tip3>
                    <Tip4>nerw</Tip4>
                    <Used>False</Used>
                </Question>
                <Question type="AwanturaLib.Question">
                    <Content>Do jakiego królestwa należą organizmy nieposiadające jądra komórkowego?</Content>
                    <Tip1>bakterii</Tip1>
                    <Tip2>roślin</Tip2>
                    <Tip3>grzybów</Tip3>
                    <Tip4>protistów</Tip4>
                    <Used>False</Used>
                </Question>
                <Question type="AwanturaLib.Question">
                    <Content>Ile chromosomów ma człowiek?</Content>
                    <Tip1>46</Tip1>
                    <Tip2>32</Tip2>
                    <Tip3>23</Tip3>
                    <Tip4>16</Tip4>
                    <Used>False</Used>
                </Question>
                <Question type="AwanturaLib.Question">
                    <Content>Który organ w ciele człowieka jest największy?</Content>
                    <Tip1>skóra</Tip1>
                    <Tip2>jelito grube</Tip2>
                    <Tip3>jelito cienkie</Tip3>
                    <Tip4>płuca</Tip4>
                    <Used>False</Used>
                </Question>
                <Question type="AwanturaLib.Question">
                    <Content>Jaka tkanka, wchodzaca w skład zespołu tkanek przewodzących, transportuje substancje odżywcze wytworzone w procesie fotosyntezy?</Content>
                    <Tip1>łyko</Tip1>
                    <Tip2>drewno</Tip2>
                    <Tip3>miazga</Tip3>
                    <Tip4>skórka</Tip4>
                    <Used>False</Used>
                </Question>
            </Value>
        </Item>
        <Item>
            <Key>Gramatyka i ortografia</Key>
            <Value>
                <Question type="AwanturaLib.Question">
                    <Content>Ile przypadków jest w języku polskim?</Content>
                    <Tip1>7</Tip1>
                    <Tip2>6</Tip2>
                    <Tip3>5</Tip3>
                    <Tip4>8</Tip4>
                    <Used>False</Used>
                </Question>
                <Question type="AwanturaLib.Question">
                    <Content>Jak nazywają się nieodmienne częśći mowy (jest ich 5)?</Content>
                    <Tip1>Przysłówek, przyimek, partykuła, spójnik, wykrzyknik</Tip1>
                    <Tip2>Przysłówek, spójnik, partykuła, czasownik, przymiotnik</Tip2>
                    <Tip3>rzeczownik, przysłówek, wykrzyknik, zaimek, liczebnik</Tip3>
                    <Tip4>Przysłówek, przyimek, partykuła, czasownik, rzeczownik</Tip4>
                    <Used>False</Used>
                </Question>
                <Question type="AwanturaLib.Question">
                    <Content>Ile jest trybów mowy w języku polskim?</Content>
                    <Tip1>3</Tip1>
                    <Tip2>2</Tip2>
                    <Tip3>1</Tip3>
                    <Tip4>5</Tip4>
                    <Used>False</Used>
                </Question>
                <Question type="AwanturaLib.Question">
                    <Content>"Która część mowy odpowiada na pytanie ""co się z nim dzieje?""?"</Content>
                    <Tip1>czasownik</Tip1>
                    <Tip2>rzeczownik</Tip2>
                    <Tip3>zaimek</Tip3>
                    <Tip4>przysłówek</Tip4>
                    <Used>False</Used>
                </Question>
                <Question type="AwanturaLib.Question">
                    <Content>Która część mowy jako jedyna odmienia się przez osoby?</Content>
                    <Tip1>czasownik</Tip1>
                    <Tip2>rzeczownik</Tip2>
                    <Tip3>przyimek</Tip3>
                    <Tip4>zaimek</Tip4>
                    <Used>False</Used>
                </Question>
                <Question type="AwanturaLib.Question">
                    <Content>Jak nazywamy wyrazy należące do jednej rodziny wyrazów?</Content>
                    <Tip1>wyrazy pokrewne</Tip1>
                    <Tip2>synonimy</Tip2>
                    <Tip3>homonimy</Tip3>
                    <Tip4>antonimy</Tip4>
                    <Used>False</Used>
                </Question>
                <Question type="AwanturaLib.Question">
                    <Content>Jak brzmi przymiotnik utworzony od nazwy “Zawichost”?</Content>
                    <Tip1>zawichojski</Tip1>
                    <Tip2>zawichstowski</Tip2>
                    <Tip3>zawichowszczański</Tip3>
                    <Tip4>zawichowski</Tip4>
                    <Used>False</Used>
                </Question>
                <Question type="AwanturaLib.Question">
                    <Content>Jak brzmi celownik liczby pojedynczej wyrażenia: “złote serce”?</Content>
                    <Tip1>złotemu sercu</Tip1>
                    <Tip2>złotego serca</Tip2>
                    <Tip3>złote serce</Tip3>
                    <Tip4>złotym sercem</Tip4>
                    <Used>False</Used>
                </Question>
            </Value>
        </Item>
        <Item>
            <Key>Mity i dzieje starozytne</Key>
            <Value>
                <Question type="AwanturaLib.Question">
                    <Content>Kto był królem podziemi w mitologii greckiej?</Content>
                    <Tip1>Hades</Tip1>
                    <Tip2>Zeus</Tip2>
                    <Tip3>Achilles</Tip3>
                    <Tip4>Uranos</Tip4>
                    <Used>False</Used>
                </Question>
                <Question type="AwanturaLib.Question">
                    <Content>Ile plag zostało zesłanych na Egipt przez Boga Jahwe?</Content>
                    <Tip1>10</Tip1>
                    <Tip2>7</Tip2>
                    <Tip3>12</Tip3>
                    <Tip4>15</Tip4>
                    <Used>False</Used>
                </Question>
                <Question type="AwanturaLib.Question">
                    <Content>Bogiem czego w mitologii rzymskiej był Jowisz?</Content>
                    <Tip1>nieba</Tip1>
                    <Tip2>wojny</Tip2>
                    <Tip3>ziemi</Tip3>
                    <Tip4>mórz i oceanów</Tip4>
                    <Used>False</Used>
                </Question>
                <Question type="AwanturaLib.Question">
                    <Content>Kto wyruszył po Eurydykę do Hadesu?</Content>
                    <Tip1>Orfeusz</Tip1>
                    <Tip2>Herkules</Tip2>
                    <Tip3>Palmignion</Tip3>
                    <Tip4>Cefeusz</Tip4>
                    <Used>False</Used>
                </Question>
                <Question type="AwanturaLib.Question">
                    <Content>Kto wyruszył na wyprawę po Złote Runo?</Content>
                    <Tip1>Jazon</Tip1>
                    <Tip2>Morfeusz</Tip2>
                    <Tip3>Scytian</Tip3>
                    <Tip4>Orpteniusz</Tip4>
                    <Used>False</Used>
                </Question>
                <Question type="AwanturaLib.Question">
                    <Content>Jaki heros brał udział w podboju Troi?</Content>
                    <Tip1>Achillles</Tip1>
                    <Tip2>Apollo</Tip2>
                    <Tip3>Misfonides</Tip3>
                    <Tip4>Midas</Tip4>
                    <Used>False</Used>
                </Question>
                <Question type="AwanturaLib.Question">
                    <Content>Jak nazywa się muza z mitologii greckiej będąca opiekunką astronomii?</Content>
                    <Tip1>Urania</Tip1>
                    <Tip2>Talia</Tip2>
                    <Tip3>Plutonia</Tip3>
                    <Tip4>Kaliope</Tip4>
                    <Used>False</Used>
                </Question>
                <Question type="AwanturaLib.Question">
                    <Content>Jak nazywamy rodzaj grobowca spotykanego w starożytnym Egipcie, mającego kształt ściętego ostrosłupa na prostokątnym planie?</Content>
                    <Tip1>Mastaba</Tip1>
                    <Tip2>Sfinks</Tip2>
                    <Tip3>Piramida</Tip3>
                    <Tip4>Kirmira</Tip4>
                    <Used>False</Used>
                </Question>
                <Question type="AwanturaLib.Question">
                    <Content>Jaki ustrój panował jako pierwszy w Starożytnym Rzymie?</Content>
                    <Tip1>królestwo</Tip1>
                    <Tip2>cesarstwo</Tip2>
                    <Tip3>republika</Tip3>
                    <Tip4>oligarchia</Tip4>
                    <Used>False</Used>
                </Question>
                <Question type="AwanturaLib.Question">
                    <Content>Jak nazywał się pierwszy cesarz rzymski?</Content>
                    <Tip1>Oktawian August</Tip1>
                    <Tip2>Juliusz Cezar</Tip2>
                    <Tip3>Tyberiusz</Tip3>
                    <Tip4>Klaudiusz</Tip4>
                    <Used>False</Used>
                </Question>
            </Value>
        </Item>
        <Item>
            <Key>Filozofia i religie</Key>
            <Value>
                <Question type="AwanturaLib.Question">
                    <Content>Kto wstąpił do grona apostołów po samobójczej śmierci Judasza Iskarioty?</Content>
                    <Tip1>Maciej</Tip1>
                    <Tip2>Andrzej</Tip2>
                    <Tip3>Józef</Tip3>
                    <Tip4>nikt</Tip4>
                    <Used>False</Used>
                </Question>
                <Question type="AwanturaLib.Question">
                    <Content>Do czego służy puryfikaterz?</Content>
                    <Tip1>do czyszczenia naczyń liturgicznych</Tip1>
                    <Tip2>do podpalania świec</Tip2>
                    <Tip3>jako talerzyk</Tip3>
                    <Tip4>jako mały obrusik</Tip4>
                    <Used>False</Used>
                </Question>
                <Question type="AwanturaLib.Question">
                    <Content>Czego symbolem jest Koło Dharmy?</Content>
                    <Tip1>buddyzmu</Tip1>
                    <Tip2>judaizmu</Tip2>
                    <Tip3>hinduizmu</Tip3>
                    <Tip4>katolicyzmu</Tip4>
                    <Used>False</Used>
                </Question>
                <Question type="AwanturaLib.Question">
                    <Content>Która doktryna filozoficzna zakładała, że źródłem poznania są bodźce dostarczane przez zmysły?</Content>
                    <Tip1>empiryzm</Tip1>
                    <Tip2>hedonizm</Tip2>
                    <Tip3>egzystencjalizm</Tip3>
                    <Tip4>racjonalizm</Tip4>
                    <Used>False</Used>
                </Question>
                <Question type="AwanturaLib.Question">
                    <Content>Kim jest Jezus według Koranu?</Content>
                    <Tip1>prorokiem Boga</Tip1>
                    <Tip2>fałszywym Mesjaszem</Tip2>
                    <Tip3>uzurpatorem</Tip3>
                    <Tip4>Koran o nim nie wspomina</Tip4>
                    <Used>False</Used>
                </Question>
                <Question type="AwanturaLib.Question">
                    <Content>Jak nazywa się święta księga islamu?</Content>
                    <Tip1>Koran</Tip1>
                    <Tip2>Tanach</Tip2>
                    <Tip3>Tora</Tip3>
                    <Tip4>Weda</Tip4>
                    <Used>False</Used>
                </Question>
                <Question type="AwanturaLib.Question">
                    <Content>Jak nazywa się miejscowość, w której został wskrzeszony Łazarz?</Content>
                    <Tip1>Betania</Tip1>
                    <Tip2>Betlejem</Tip2>
                    <Tip3>Kana</Tip3>
                    <Tip4>Nazaret</Tip4>
                    <Used>False</Used>
                </Question>
                <Question type="AwanturaLib.Question">
                    <Content>W którym wieku żył I tworzył Józef Bocheński, polski logik I filozof chrześcijański?</Content>
                    <Tip1>XX</Tip1>
                    <Tip2>XIX</Tip2>
                    <Tip3>XVIII</Tip3>
                    <Tip4>XVII</Tip4>
                    <Used>False</Used>
                </Question>
                <Question type="AwanturaLib.Question">
                    <Content>Jakie jest najważniejsze dzieło napisane przez Sokratesa?</Content>
                    <Tip1>nie napisał żadnego dzieła</Tip1>
                    <Tip2>Republika</Tip2>
                    <Tip3>Nauka Logiki</Tip3>
                    <Tip4>Krytyka Czystego Rozumu</Tip4>
                    <Used>False</Used>
                </Question>
            </Value>
        </Item>
        <Item>
            <Key>Film polski</Key>
            <Value>
                <Question type="AwanturaLib.Question">
                    <Content>"Jaki brzmi pseudonim Marcina Opałki w filmach ""Pitbull. Nowe porządki"" oraz ""Pitbull. Niebezpieczne kobiety"" granego przez Tomasza Oświecińskiego?"</Content>
                    <Tip1>Strachu </Tip1>
                    <Tip2>Stachu </Tip2>
                    <Tip3>Zeus </Tip3>
                    <Tip4>Posejdon</Tip4>
                    <Used>False</Used>
                </Question>
                <Question type="AwanturaLib.Question">
                    <Content>"Który Polski bohater krzyczał do Niemca ""palce"", a ten usłyszał ""panzer""?"</Content>
                    <Tip1>Franciszek Dolas</Tip1>
                    <Tip2>Grzegorz Brzęczyszczykiewicz</Tip2>
                    <Tip3>Alojzy Stonoga</Tip3>
                    <Tip4>Stanisław Anioł</Tip4>
                    <Used>False</Used>
                </Question>
                <Question type="AwanturaLib.Question">
                    <Content>"Kto jest reżyserem filmu ""Seksmisja""?"</Content>
                    <Tip1>Juliusz Machulski</Tip1>
                    <Tip2>Andrzej Wajda</Tip2>
                    <Tip3>Roman Polański</Tip3>
                    <Tip4>Stanisław Bareja</Tip4>
                    <Used>False</Used>
                </Question>
                <Question type="AwanturaLib.Question">
                    <Content>Jak brzmi nazwisko reżysera filmu pt. “Matka Królów”?</Content>
                    <Tip1>Janusz Zaorski</Tip1>
                    <Tip2>Kazimierz Kutz</Tip2>
                    <Tip3>Wojciech Jerzy Has</Tip3>
                    <Tip4>Krzysztof Zanussi</Tip4>
                    <Used>False</Used>
                </Question>
                <Question type="AwanturaLib.Question">
                    <Content>Który aktor odegrał rolę Maksymiliana “Maksa” Paradysa w “Seksmisji”?</Content>
                    <Tip1>Jerzy Stuhr</Tip1>
                    <Tip2>Olgierd Łukaszewicz</Tip2>
                    <Tip3>Janusz Michałowski</Tip3>
                    <Tip4>Wiesław Michnikowski</Tip4>
                    <Used>False</Used>
                </Question>
                <Question type="AwanturaLib.Question">
                    <Content>"Kto zagrał Jacka Soplicę w ""Panu Tadeuszu"" Andrzeja Wajdy?"</Content>
                    <Tip1>Bogusław Linda</Tip1>
                    <Tip2>Michał Żebrowski</Tip2>
                    <Tip3>Daniel Olbrychski</Tip3>
                    <Tip4>Marek Kondrat</Tip4>
                    <Used>False</Used>
                </Question>
            </Value>
        </Item>
        <Item>
            <Key>Film światowy</Key>
            <Value>
                <Question type="AwanturaLib.Question">
                    <Content>Którym z kolei Jamesem Bondem był Pierce Brosnan?</Content>
                    <Tip1>piątym</Tip1>
                    <Tip2>drugim</Tip2>
                    <Tip3>szóstym</Tip3>
                    <Tip4>siódmym</Tip4>
                    <Used>False</Used>
                </Question>
                <Question type="AwanturaLib.Question">
                    <Content>Z którego roku pochodzi film promowany przez ten plakat? </Content>
					<FileName>bat.jpg</FileName>
                    <Tip1>1989</Tip1>
                    <Tip2>1990</Tip2>
                    <Tip3>1987</Tip3>
                    <Tip4>1995</Tip4>
                    <Used>False</Used>
                </Question>
                <Question type="AwanturaLib.Question">
                    <Content>"Kogo grał Morgan Freeman w filmie ""Evan Wszechmogący""?"</Content>
                    <Tip1>Boga</Tip1>
                    <Tip2>Zabójcę </Tip2>
                    <Tip3>Rapera</Tip3>
                    <Tip4>Żyda</Tip4>
                    <Used>False</Used>
                </Question>
                <Question type="AwanturaLib.Question">
                    <Content>"Ilu braci stracił na wojnie ""Szeregowiec Ryan""?"</Content>
                    <Tip1>3</Tip1>
                    <Tip2>2</Tip2>
                    <Tip3>1</Tip3>
                    <Tip4>4</Tip4>
                    <Used>False</Used>
                </Question>
                <Question type="AwanturaLib.Question">
                    <Content>"Kto grał Matyldę w filmie ""Leon Zawodowiec""?"</Content>
                    <Tip1>Natalie Portman</Tip1>
                    <Tip2>Penélope Cruz</Tip2>
                    <Tip3>Angelina Jolie</Tip3>
                    <Tip4>Sandra Bullock</Tip4>
                    <Used>False</Used>
                </Question>
                <Question type="AwanturaLib.Question">
                    <Content>"Kto grał brata postaci granej przez Johnny'ego Deppa w filmie ""Co gryzie Gilberta Grape'a""?"</Content>
                    <Tip1>Leonardo DiCaprio</Tip1>
                    <Tip2>George Clooney</Tip2>
                    <Tip3>Brad Pitt</Tip3>
                    <Tip4>Matt Damon</Tip4>
                    <Used>False</Used>
                </Question>
            </Value>
        </Item>
        <Item>
            <Key>Seriale</Key>
            <Value>
                    <Question type="AwanturaLib.Question">
                    <Content>"Jak nazywa się odtwórczyni roli Daenerys Targaryen w serialu ""Gra o Tron""?"</Content>
                    <Tip1>Emilia Clarke</Tip1>
                    <Tip2>Emma Watson </Tip2>
                    <Tip3>Emma Stone</Tip3>
                    <Tip4>Emily Ratajkowski</Tip4>
                    <Used>False</Used>
                </Question>
				<Question type="AwanturaLib.Question">
                    <Content>Jak nazywa się serial, w którym występuje Millie Bobby Brown?</Content>
					<FileName>el.jpg</FileName>
                    <Tip1>Stranger things</Tip1>
                    <Tip2>Belfer</Tip2>
                    <Tip3>1987</Tip3>
                    <Tip4>Narcos</Tip4>
                    <Used>False</Used>
                </Question>
                <Question type="AwanturaLib.Question">
                    <Content>"Główny bohater serialu ""Breaking bad"" jest nauczycielem. Jakiego przedmiotu uczy?"</Content>
                    <Tip1>chemii</Tip1>
                    <Tip2>fizyki</Tip2>
                    <Tip3>matematyki</Tip3>
                    <Tip4>angielskiego</Tip4>
                    <Used>False</Used>
                </Question>
                <Question type="AwanturaLib.Question">
                    <Content>"W jakim mieście toczy się akcja serialu ""Californication""?"</Content>
                    <Tip1>w Los Angeles</Tip1>
                    <Tip2>w Nowym Jorku</Tip2>
                    <Tip3>w Las Vegas</Tip3>
                    <Tip4>San Diego</Tip4>
                    <Used>False</Used>
                </Question>
            </Value>
        </Item>
        <Item>
            <Key>Literatura polska</Key>
            <Value>
                <Question type="AwanturaLib.Question">
                    <Content>"Ile ""Trenów"" napisał Jan Kochanowski do swojej zmarłej córki Urszulki?"</Content>
                    <Tip1>19</Tip1>
                    <Tip2>18</Tip2>
                    <Tip3>20</Tip3>
                    <Tip4>21</Tip4>
                    <Used>False</Used>
                </Question>
                <Question type="AwanturaLib.Question">
                    <Content>"Kto napisał ""Cudzoziemkę""?"</Content>
                    <Tip1>Maria Kuncewiczowa</Tip1>
                    <Tip2>Zofia Nałkowska</Tip2>
                    <Tip3>Eliza Orzeszkowa</Tip3>
                    <Tip4>Maria Konopnicka</Tip4>
                    <Used>False</Used>
                </Question>
                <Question type="AwanturaLib.Question">
                    <Content>"Z którego wiersza Adama Mickiewicza pochodzi cytat: ""Miej serce i patrzaj w serce""?"</Content>
                    <Tip1>Romantyczność</Tip1>
                    <Tip2>Niepewność</Tip2>
                    <Tip3>Powrót taty</Tip3>
                    <Tip4>Lilie</Tip4>
                    <Used>False</Used>
                </Question>
                <Question type="AwanturaLib.Question">
                    <Content>Jak brzmi nazwisko autorki powieści pt. “Jezioro osobliwości”?</Content>
                    <Tip1>Krystyna Siesicka</Tip1>
                    <Tip2>Maria Kownacka</Tip2>
                    <Tip3>Janina Porazińska</Tip3>
                    <Tip4>Monika Bolly</Tip4>
                    <Used>False</Used>
                </Question>
            </Value>
        </Item>
        <Item>
            <Key>Literatura światowa</Key>
            <Value>
                <Question type="AwanturaLib.Question">
                    <Content>Jaka choroba jest tytułem jednej z powieści Alberta Camusa?</Content>
                    <Tip1>dżuma</Tip1>
                    <Tip2>malaria</Tip2>
                    <Tip3>gruźlica</Tip3>
                    <Tip4>tyfus</Tip4>
                    <Used>False</Used>
                </Question>
                <Question type="AwanturaLib.Question">
                    <Content>"Z ilu kręgów składało się Piekło w ""Boskiej komedii"" Dantego?"</Content>
                    <Tip1>9</Tip1>
                    <Tip2>7</Tip2>
                    <Tip3>10</Tip3>
                    <Tip4>5</Tip4>
                    <Used>False</Used>
                </Question>
                <Question type="AwanturaLib.Question">
                    <Content>"Jaką cechę charakterystyczną miała tytułowa bohaterka powieści ""Ania z Zielonego Wzgórza""?"</Content>
                    <Tip1>rude włosy</Tip1>
                    <Tip2>nieprzeciętny wzrost</Tip2>
                    <Tip3>czarne oczy</Tip3>
                    <Tip4>kulała na jedną nogę</Tip4>
                    <Used>False</Used>
                </Question>
                <Question type="AwanturaLib.Question">
                    <Content>"Jak nazywał się skwer, na którym zaczyna się akcja ""Mistrza i Małgorzaty"" Bułhakowa?"</Content>
                    <Tip1>Patriarsze Prudy</Tip1>
                    <Tip2>Kolomynskoje</Tip2>
                    <Tip3>Ostankino</Tip3>
                    <Tip4>Czistyje Prudy</Tip4>
                    <Used>False</Used>
                </Question>
                <Question type="AwanturaLib.Question">
                    <Content>"Na jaką rybę poluje główny bohater ""Starego człowieka i morza""?"</Content>
                    <Tip1>marlina</Tip1>
                    <Tip2>halibuta</Tip2>
                    <Tip3>jesiotra</Tip3>
                    <Tip4>łososia</Tip4>
                    <Used>False</Used>
                </Question>
                <Question type="AwanturaLib.Question">
                    <Content>Jakiej narodowości był prozaik I dramaturg Friedrich Dürrenmatt?</Content>
                    <Tip1>Szwajcar</Tip1>
                    <Tip2>Duńczyk</Tip2>
                    <Tip3>Niemiec</Tip3>
                    <Tip4>Austriak</Tip4>
                    <Used>False</Used>
                </Question>
            </Value>
        </Item>
        <Item>
            <Key>Historia sztuki</Key>
            <Value>
                <Question type="AwanturaLib.Question">
                    <Content>Jaka wiadomość smuci Stańczyka na znanym obrazie Jana Matejki z 1862 roku?</Content>
					<FileName>o2.jpg</FileName>
                    <Tip1>o utracie Smoleńska na rzecz Rosji</Tip1>
                    <Tip2>o śmierci Władysława Warneńczyka pod Warną</Tip2>
                    <Tip3>o przegranej z Tatarami bitwie pod Sokalem </Tip3>
                    <Tip4>o przegranej husarii pod Żółtymi Wodami</Tip4>
                    <Used>False</Used>
                </Question>
                <Question type="AwanturaLib.Question">
                    <Content>Gdzie przez 369 lat od powstania stał “Dawid” Michała Anioła, pierwszy nagi posąg od czasów starożytnych?</Content>
					<FileName>o3.jpg</FileName>
                    <Tip1>Na Piazza della Signoria we Florencji</Tip1>
                    <Tip2>W Muzeum Pio-Clementino Muzeum Watykańskiego</Tip2>
                    <Tip3>W Muzeum Chiaramonti Muzeum Watykańskiego</Tip3>
                    <Tip4>Na szczycie Schodów Hiszpańskich w Rzymie</Tip4>
                    <Used>False</Used>
                </Question>
                <Question type="AwanturaLib.Question">
                    <Content>Który obraz przypisywany Rafaelowi Santiemu, zakupiony przez Czartoryskich i zaginiony w 1945 roku, znajdował się w Krakowie?</Content>
                    <Tip1>Portret młodzieńca</Tip1>
                    <Tip2>Portret Juliusza II</Tip2>
                    <Tip3>Madonna ze szczygłem</Tip3>
                    <Tip4>Przemienienie Pańskie</Tip4>
                    <Used>False</Used>
                </Question>
                <Question type="AwanturaLib.Question">
                    <Content>Hans Holbein był nadwornym malarzem jakiego europejskiego króla?</Content>
                    <Tip1>Henryka VIII</Tip1>
                    <Tip2>Króla Słońce</Tip2>
                    <Tip3>Maksymiliana II</Tip3>
                    <Tip4>Zygmunta II Augusta</Tip4>
                    <Used>False</Used>
                </Question>
                <Question type="AwanturaLib.Question">
                    <Content>Jak nazywamy motyw dekoracyjno-symboliczny, złożony najczęściej z broni białej i uzbrojenia ochronnego, ułożonych w pionie i symetrycznie?</Content>
                    <Tip1>panoplium</Tip1>
                    <Tip2>ryzalit</Tip2>
                    <Tip3>bukranion</Tip3>
                    <Tip4>feston</Tip4>
                    <Used>False</Used>
                </Question>
                <Question type="AwanturaLib.Question">
                    <Content>Czym nienaturalnym w wyglądzie charakteryzował się asyryjski lamassu, przedstawiający skrzydlatego byka o ludzkiej twarzy?</Content>
                    <Tip1>Pięć nóg</Tip1>
                    <Tip2>Rogi kozicy</Tip2>
                    <Tip3>Szyja żyrafy</Tip3>
                    <Tip4>Ogon skorpiona</Tip4>
                    <Used>False</Used>
                </Question>
                <Question type="AwanturaLib.Question">
                    <Content>W którym wieku powstała burleska?</Content>
                    <Tip1>XVIII</Tip1>
                    <Tip2>XV</Tip2>
                    <Tip3>XI</Tip3>
                    <Tip4>XXI</Tip4>
                    <Used>False</Used>
                </Question>
                <Question type="AwanturaLib.Question">
                    <Content>Od czego pochodzi nazwa stylu gotyk?</Content>
                    <Tip1>od gotów (barbarzynców)</Tip1>
                    <Tip2>od nazwiska Johanna Wolfganga von Goethe</Tip2>
                    <Tip3>od angielskiego słowa God (Bóg)</Tip3>
                    <Tip4>od nazwy serii gier Gothic</Tip4>
                    <Used>False</Used>
                </Question>
            </Value>
        </Item>
        <Item>
            <Key>Świat polityki</Key>
            <Value>
                <Question type="AwanturaLib.Question">
                    <Content>Ile lat trwała prezydentura Aleksandra Kwaśniewsiego?</Content>
                    <Tip1>10</Tip1>
                    <Tip2>8</Tip2>
                    <Tip3>12</Tip3>
                    <Tip4>6</Tip4>
                    <Used>False</Used>
                </Question>
                <Question type="AwanturaLib.Question">
                    <Content>Kto w latach 1998-2005 był Kanclerzem Niemiec?</Content>
                    <Tip1>Gerhard Schröder</Tip1>
                    <Tip2>Angela Merkel</Tip2>
                    <Tip3>Helmut Kohl</Tip3>
                    <Tip4>Helmut Schmidt</Tip4>
                    <Used>False</Used>
                </Question>
                <Question type="AwanturaLib.Question">
                    <Content>Kto był pierwszym premierem Polski po przemianach w 1989 r.?</Content>
                    <Tip1>Tadeusz Mazowiecki</Tip1>
                    <Tip2>Wojciech Jaruzelski</Tip2>
                    <Tip3>Jan Krzysztof Bielecki</Tip3>
                    <Tip4>Jan Olszewski</Tip4>
                    <Used>False</Used>
                </Question>
                <Question type="AwanturaLib.Question">
                    <Content>W jakich latach Kazimierz Marcinkiewicz pełnił funkcję Prezesa Rady Ministrów?</Content>
                    <Tip1>2005-2006</Tip1>
                    <Tip2>2004-2005</Tip2>
                    <Tip3>2006-2007</Tip3>
                    <Tip4>2007-2008</Tip4>
                    <Used>False</Used>
                </Question>
                <Question type="AwanturaLib.Question">
                    <Content>Którym z kolei prezydentem III Rzeczpospolitej jest Andrzej Duda?</Content>
                    <Tip1>piątym</Tip1>
                    <Tip2>czwartym</Tip2>
                    <Tip3>szóstym</Tip3>
                    <Tip4>siódmym</Tip4>
                    <Used>False</Used>
                </Question>
                <Question type="AwanturaLib.Question">
                    <Content>W którym mieście dokonało się oficjalne rozwiązanie Układu Warszawskiego?</Content>
                    <Tip1>Praga</Tip1>
                    <Tip2>Moskwa</Tip2>
                    <Tip3>Berlin</Tip3>
                    <Tip4>Warszawa</Tip4>
                    <Used>False</Used>
                </Question>
            </Value>
        </Item>
        <Item>
            <Key>Ciekawostki</Key>
            <Value>
                <Question type="AwanturaLib.Question">
                    <Content>Jak nazywa się instrument widoczny na obrazku?</Content>
					<FileName>c5.jpg</FileName>
                    <Tip1>cytra</Tip1>
                    <Tip2>kitara</Tip2>
                    <Tip3>gęśle</Tip3>
                    <Tip4>gitara</Tip4>
                    <Used>False</Used>
                </Question>
                <Question type="AwanturaLib.Question">
                    <Content>Do czego służy przyrząd na obrazku?</Content>
					<FileName>c1.jpg</FileName>
                    <Tip1>pomiaru temperatury</Tip1>
                    <Tip2>ozdoby</Tip2>
                    <Tip3>zabawy przez dzieci</Tip3>
                    <Tip4>pomiaru wilgotności</Tip4>
                    <Used>False</Used>
                </Question>
                <Question type="AwanturaLib.Question">
                    <Content>Hiszpański osioł widoczny na zdjęciu służył do...?</Content>
					<FileName>c2.JPG</FileName>
                    <Tip1>tortur</Tip1>
                    <Tip2>zabaw erotycznych</Tip2>
                    <Tip3>gotowania</Tip3>
                    <Tip4>kucia mieczy</Tip4>
                    <Used>False</Used>
                </Question>
                <Question type="AwanturaLib.Question">
                    <Content>Jak nazywa się widoczny na obrazku przedmiot?</Content>
					<FileName>c4.jpg</FileName>
                    <Tip1>cep</Tip1>
                    <Tip2>młot</Tip2>
                    <Tip3>obuch</Tip3>
                    <Tip4>pałka</Tip4>
                    <Used>False</Used>
                </Question>
            </Value>
        </Item>
        <Item>
            <Key>Historia Polski</Key>
            <Value>
                <Question type="AwanturaLib.Question">
                    <Content>W którym roku nastąpił pierwszy rozbiór Polski?</Content>
                    <Tip1>1772</Tip1>
                    <Tip2>1773</Tip2>
                    <Tip3>1673</Tip3>
                    <Tip4>1672</Tip4>
                    <Used>False</Used>
                </Question>
                <Question type="AwanturaLib.Question">
                    <Content>Siły, będące pod czyim dowództwem, rozgromił Jan III Sobieski w bitwie pod Wiedniem?</Content>
                    <Tip1>Kara Mustafy</Tip1>
                    <Tip2>Mahmeda IV</Tip2>
                    <Tip3>Tuhaj-beja</Tip3>
                    <Tip4>Sulejmana Wspaniałego</Tip4>
                    <Used>False</Used>
                </Question>
                <Question type="AwanturaLib.Question">
                    <Content>Kto był ostatnim królem Polski?</Content>
                    <Tip1>Stanisław August Poniatowski</Tip1>
                    <Tip2>Jan III Sobieski</Tip2>
                    <Tip3>August III Sas</Tip3>
                    <Tip4>Zygmunt III Waza</Tip4>
                    <Used>False</Used>
                </Question>
                <Question type="AwanturaLib.Question">
                    <Content>Jaka jest data dzienna wybuchu powstania warszawskiego?</Content>
                    <Tip1>1 VIII</Tip1>
                    <Tip2>1 IX</Tip2>
                    <Tip3>15 VIII</Tip3>
                    <Tip4>11 XI</Tip4>
                    <Used>False</Used>
                </Question>
                <Question type="AwanturaLib.Question">
                    <Content>Panowanie którego władcy zakończyło okres rozbicia dzielnicowego w Polsce?</Content>
                    <Tip1>Władysława Łokietka</Tip1>
                    <Tip2>Kazimierza Wielkiego</Tip2>
                    <Tip3>Kazimierza Odnowiciela</Tip3>
                    <Tip4>Bolesława Krzywoustego</Tip4>
                    <Used>False</Used>
                </Question>
                <Question type="AwanturaLib.Question">
                    <Content>W którym roku zawieszono Dzwon Zygmunt na Wawelu?</Content>
                    <Tip1>1521</Tip1>
                    <Tip2>1551</Tip2>
                    <Tip3>1531</Tip3>
                    <Tip4>1541</Tip4>
                    <Used>False</Used>
                </Question>
                <Question type="AwanturaLib.Question">
                    <Content>Jakie miasto zostało przyłączone do Polski dzięki pozorowanej akcji buntu gen. Lucjana Żeligowskiego w 1920 r.?</Content>
                    <Tip1>Wilno</Tip1>
                    <Tip2>Ryga</Tip2>
                    <Tip3>Smoleńsk</Tip3>
                    <Tip4>Lwów</Tip4>
                    <Used>False</Used>
                </Question>
                <Question type="AwanturaLib.Question">
                    <Content>W którym wieku powstała popularna pieśń patriotyczna “Boże, coś Polskę”?</Content>
                    <Tip1>XIX</Tip1>
                    <Tip2>XX</Tip2>
                    <Tip3>XVIII</Tip3>
                    <Tip4>XVII</Tip4>
                    <Used>False</Used>
                </Question>
                <Question type="AwanturaLib.Question">
                    <Content>Który król, wywodzący się z rodziny magnackiej, panował w Polsce w l. 1669-1673?</Content>
                    <Tip1>Michał Korybut Wiśniowiecki</Tip1>
                    <Tip2>Jan II Kazimierz Waza</Tip2>
                    <Tip3>Władysław IV Waza</Tip3>
                    <Tip4>Jan III Sobieski</Tip4>
                    <Used>False</Used>
                </Question>
            </Value>
        </Item>
        <Item>
            <Key>Historia powszechna</Key>
            <Value>
                <Question type="AwanturaLib.Question">
                    <Content>Jaki król stacił głowę w wyniku Wielkiej Rewolucji Francuskiej?</Content>
                    <Tip1>Ludwik XVI</Tip1>
                    <Tip2>Ludwik XVII</Tip2>
                    <Tip3>Ludwik XV</Tip3>
                    <Tip4>Ludwik XVIII</Tip4>
                    <Used>False</Used>
                </Question>
                <Question type="AwanturaLib.Question">
                    <Content>Ile tez ogłosił w 1517 roku Marcin Luter?</Content>
                    <Tip1>95</Tip1>
                    <Tip2>98</Tip2>
                    <Tip3>108</Tip3>
                    <Tip4>101</Tip4>
                    <Used>False</Used>
                </Question>
                <Question type="AwanturaLib.Question">
                    <Content>W którym roku wybuchła I Wojna Światowa?</Content>
                    <Tip1>1914</Tip1>
                    <Tip2>1918</Tip2>
                    <Tip3>1905</Tip3>
                    <Tip4>1939</Tip4>
                    <Used>False</Used>
                </Question>
                <Question type="AwanturaLib.Question">
                    <Content>Data upadku Rzymu wyznacza najczęściej koniec starożytności. W którym roku miało miejsce to wydarzenie?</Content>
                    <Tip1>476 r. n. e. </Tip1>
                    <Tip2>493 r. n. e.</Tip2>
                    <Tip3>493 r. p. n. e.</Tip3>
                    <Tip4>476 r. p. n. e. </Tip4>
                    <Used>False</Used>
                </Question>
                <Question type="AwanturaLib.Question">
                    <Content>Jakie miasto było stolicą Cesarstwa Karola Wielkiego?</Content>
                    <Tip1>Akwizgram</Tip1>
                    <Tip2>Verdun</Tip2>
                    <Tip3>Rzym</Tip3>
                    <Tip4>Moguncja</Tip4>
                    <Used>False</Used>
                </Question>
                <Question type="AwanturaLib.Question">
                    <Content>W jakim mieście 1 grudnia 1943 odbyła się konferencja Wielkiej Trójki?</Content>
                    <Tip1>w Teheranie</Tip1>
                    <Tip2>w Jałcie</Tip2>
                    <Tip3>w Poczdamie</Tip3>
                    <Tip4>w Sewastopolu</Tip4>
                    <Used>False</Used>
                </Question>
                <Question type="AwanturaLib.Question">
                    <Content>W którym wieku Rzym przestał być stolicą państwa papieskiego I został stolicją zjednoczonych Włoch?</Content>
                    <Tip1>XIX</Tip1>
                    <Tip2>XVIII</Tip2>
                    <Tip3>XVII</Tip3>
                    <Tip4>XVI</Tip4>
                    <Used>False</Used>
                </Question>
                <Question type="AwanturaLib.Question">
                    <Content>Przeciwko któremu państwu była wymierzona blokada kontynentalna, wprowadzona przez Napoleona?</Content>
                    <Tip1>Wielkiej Brytanii</Tip1>
                    <Tip2>Rosji</Tip2>
                    <Tip3>Danii</Tip3>
                    <Tip4>Austrii</Tip4>
                    <Used>False</Used>
                </Question>
            </Value>
        </Item>
        <Item>
            <Key>Przysłowia</Key>
            <Value>
                <Question type="AwanturaLib.Question">
                    <Content>Uzupełnij przysłowie: czasem […] się zlituje, że człek niby wiosnę czuje; ale czasem tak się […], że człek prawie nie wytrzyma</Content>
                    <Tip1>luty, zżyma</Tip1>
                    <Tip2>styczeń, trzyma</Tip2>
                    <Tip3>luty, trzyma</Tip3>
                    <Tip4>marzec, trzyma</Tip4>
                    <Used>False</Used>
                </Question>
                <Question type="AwanturaLib.Question">
                    <Content>Uzupełnij przysłowie: dla dwóch […] za mało miejsca na jednym […]</Content>
                    <Tip1>kogutów, gnoju</Tip1>
                    <Tip2>liliputów, kurniku</Tip2>
                    <Tip3>kogutów, kurniku</Tip3>
                    <Tip4>liliputów, gnoju</Tip4>
                    <Used>False</Used>
                </Question>
                <Question type="AwanturaLib.Question">
                    <Content>Uzupełnij przysłowie: gdy pająk w […] przychodzi, to za sobą deszcz przywodzi, gdy swą pajęczynę snuje, bliską burzę czuje</Content>
                    <Tip1>lipcu</Tip1>
                    <Tip2>lecie</Tip2>
                    <Tip3>sierpniu</Tip3>
                    <Tip4>wiosnę</Tip4>
                    <Used>False</Used>
                </Question>
                <Question type="AwanturaLib.Question">
                    <Content>Kogo według przysłowia trzeba bić żeby mu wątroba nie gniła?</Content>
                    <Tip1>babę</Tip1>
                    <Tip2>chłopa</Tip2>
                    <Tip3>księdza</Tip3>
                    <Tip4>teściową</Tip4>
                    <Used>False</Used>
                </Question>
                <Question type="AwanturaLib.Question">
                    <Content>W jaki dzień tygodnia ścieli przysłowowemu indykowi głowę?</Content>
                    <Tip1>sobotę</Tip1>
                    <Tip2>niedziela</Tip2>
                    <Tip3>piątek</Tip3>
                    <Tip4>wtorek</Tip4>
                    <Used>False</Used>
                </Question>
                <Question type="AwanturaLib.Question">
                    <Content>"Uzupełnij przysłowie: ""Agnieszka łaskawa [...] skowronka z rękawa"""</Content>
                    <Tip1>puszcza</Tip1>
                    <Tip2>uwalnia</Tip2>
                    <Tip3>ratuje</Tip3>
                    <Tip4>wyciąga</Tip4>
                    <Used>False</Used>
                </Question>
                <Question type="AwanturaLib.Question">
                    <Content>Z czym według przysłowia wstaje ten, kto kładzie się z psami?</Content>
                    <Tip1>pchłami</Tip1>
                    <Tip2>marzeniami</Tip2>
                    <Tip3>nagniotkami</Tip3>
                    <Tip4>boleściami</Tip4>
                    <Used>False</Used>
                </Question>
                <Question type="AwanturaLib.Question">
                    <Content>"Dokończ przysłowie: ""dobra psu i mucha, kiedy [...]"""</Content>
                    <Tip1>sama wleci do brzucha</Tip1>
                    <Tip2>sama za uchem nie grucha</Tip2>
                    <Tip3>siedzi na grzechocie</Tip3>
                    <Tip4>lata w samolocie</Tip4>
                    <Used>False</Used>
                </Question>
                <Question type="AwanturaLib.Question">
                    <Content>"W którego Świętego wspomnienie ma spaść deszcz w myśl tego przysłowia : ""gdy w [...] deszcz spadnie, lekka zima będzie snadnie"""</Content>
                    <Tip1>Michała</Tip1>
                    <Tip2>Tarsycjusza</Tip2>
                    <Tip3>Teodora</Tip3>
                    <Tip4>Marcina</Tip4>
                    <Used>False</Used>
                </Question>
                <Question type="AwanturaLib.Question">
                    <Content>Uzupełnij przysłowie : co Anglik [...], Francuz [...], a Niemiec doma nakrupi, wszystko to głupi Polak [...]</Content>
                    <Tip1>zmyśli skréśli kupi</Tip1>
                    <Tip2>zmyśli skreśli zdupi</Tip2>
                    <Tip3>zmajstruje zepsuje odkupi</Tip3>
                    <Tip4>zepsuje zmyśli zakreśli</Tip4>
                    <Used>False</Used>
                </Question>
            </Value>
        </Item>
        <Item>
            <Key>Muzyka klasyczna</Key>
            <Value>
                <Question type="AwanturaLib.Question">
                    <Content>Ile klawiszy ma typowy współczesny fortepian?</Content>
                    <Tip1>88</Tip1>
                    <Tip2>89</Tip2>
                    <Tip3>84</Tip3>
                    <Tip4>78</Tip4>
                    <Used>False</Used>
                </Question>
                <Question type="AwanturaLib.Question">
                    <Content>Jak oznaczamy w muzyce określenie dynamiczne fortissimo?</Content>
                    <Tip1>ff</Tip1>
                    <Tip2>ft</Tip2>
                    <Tip3>fs</Tip3>
                    <Tip4>f</Tip4>
                    <Used>False</Used>
                </Question>
                <Question type="AwanturaLib.Question">
                    <Content>Określenie allegro odnosi się do jakiego rodzaju tempa?</Content>
                    <Tip1>wolne</Tip1>
                    <Tip2>żywe</Tip2>
                    <Tip3>umiarkowane</Tip3>
                    <Tip4>szybkie</Tip4>
                    <Used>False</Used>
                </Question>
                <Question type="AwanturaLib.Question">
                    <Content>Której symfonii Ludwig van Beethoven nie skończył komponować?</Content>
                    <Tip1>X </Tip1>
                    <Tip2>IX</Tip2>
                    <Tip3>XI</Tip3>
                    <Tip4>VIII</Tip4>
                    <Used>False</Used>
                </Question>
                <Question type="AwanturaLib.Question">
                    <Content>"“Dziadek do Orzechów"" jest jaką formą muzyczną? "</Content>
                    <Tip1>balet</Tip1>
                    <Tip2>opera</Tip2>
                    <Tip3>sonata</Tip3>
                    <Tip4>wariacja</Tip4>
                    <Used>False</Used>
                </Question>
                <Question type="AwanturaLib.Question">
                    <Content>Do czego w muzyce służy kalafonia? </Content>
                    <Tip1>do nacierania włosia smyczków</Tip1>
                    <Tip2>do konserwacji fortepianu</Tip2>
                    <Tip3>do wyrobu instrumentów</Tip3>
                    <Tip4>do przechowywania instrumentów</Tip4>
                    <Used>False</Used>
                </Question>
                <Question type="AwanturaLib.Question">
                    <Content>Znany utwór Igora Strawińskiego to święto czego? </Content>
                    <Tip1>wiosny</Tip1>
                    <Tip2>ojczyzny</Tip2>
                    <Tip3>niepodległości</Tip3>
                    <Tip4>zwycięstwa</Tip4>
                    <Used>False</Used>
                </Question>
                <Question type="AwanturaLib.Question">
                    <Content>Z którego kraju pochodził siedemnastrowieczny kompozytor Henry Purcell?</Content>
                    <Tip1>Anglia</Tip1>
                    <Tip2>Francja</Tip2>
                    <Tip3>Niemcy</Tip3>
                    <Tip4>Szwajcaria</Tip4>
                    <Used>False</Used>
                </Question>
            </Value>
        </Item>
        <Item>
            <Key>Sztuka kulinarna</Key>
            <Value>
                <Question type="AwanturaLib.Question">
                    <Content>Skąd do Polski trafiła marchew?</Content>
                    <Tip1>z Włoch</Tip1>
                    <Tip2>z Niemiec</Tip2>
                    <Tip3>z Francji</Tip3>
                    <Tip4>z Turcji</Tip4>
                    <Used>False</Used>
                </Question>
                <Question type="AwanturaLib.Question">
                    <Content>Jaki kwas powstaje podczas kiszenia kapusty lub ogórków?</Content>
                    <Tip1>kwas mlekowy</Tip1>
                    <Tip2>kwas askorbinowy</Tip2>
                    <Tip3>kwa mrówkowy</Tip3>
                    <Tip4>kwas octowy</Tip4>
                    <Used>False</Used>
                </Question>
                <Question type="AwanturaLib.Question">
                    <Content>Jaki kraj jest ojczyzną potrawy o nazwie paella?</Content>
                    <Tip1>Hiszpania</Tip1>
                    <Tip2>Francja</Tip2>
                    <Tip3>Włochy</Tip3>
                    <Tip4>Portugalia</Tip4>
                    <Used>False</Used>
                </Question>
                <Question type="AwanturaLib.Question">
                    <Content>W co zawijane są sajgonki, znane danie kuchni wietnamskiej?</Content>
                    <Tip1>w papier ryżowy</Tip1>
                    <Tip2>w kapustę pekińską</Tip2>
                    <Tip3>w papier z glonów morskich</Tip3>
                    <Tip4>w papier sojowy</Tip4>
                    <Used>False</Used>
                </Question>
                <Question type="AwanturaLib.Question">
                    <Content>Z jakiego mleka produkowany jest ser feta?</Content>
                    <Tip1>owczego</Tip1>
                    <Tip2>sojowego</Tip2>
                    <Tip3>dowolnego</Tip3>
                    <Tip4>krowiego</Tip4>
                    <Used>False</Used>
                </Question>
                <Question type="AwanturaLib.Question">
                    <Content>Czego nie może jeść chory na celiakię?</Content>
                    <Tip1>glutenu</Tip1>
                    <Tip2>laktozy</Tip2>
                    <Tip3>gorczycy</Tip3>
                    <Tip4>cukru</Tip4>
                    <Used>False</Used>
                </Question>
                <Question type="AwanturaLib.Question">
                    <Content>Skąd pochodzi serek tofu?</Content>
                    <Tip1>z Chin</Tip1>
                    <Tip2>z Indii</Tip2>
                    <Tip3>z Indonezji</Tip3>
                    <Tip4>z Japonii</Tip4>
                    <Used>False</Used>
                </Question>
                <Question type="AwanturaLib.Question">
                    <Content>Skąd pochodzi ser Cheddar?</Content>
                    <Tip1>z Anglii</Tip1>
                    <Tip2>z Francji</Tip2>
                    <Tip3>ze Szwajcarii</Tip3>
                    <Tip4>z Holandii</Tip4>
                    <Used>False</Used>
                </Question>
                <Question type="AwanturaLib.Question">
                    <Content>Jak brzmi nazwa kaszy lub mączki wytwarzanej z bulw manioku?</Content>
                    <Tip1>tapioka</Tip1>
                    <Tip2>tarhonya</Tip2>
                    <Tip3>tarator</Tip3>
                    <Tip4>tahina</Tip4>
                    <Used>False</Used>
                </Question>
            </Value>
        </Item>
        <Item>
            <Key>Geografia</Key>
            <Value>
                <Question type="AwanturaLib.Question">
                    <Content>Jakie jezioro jest największe na świecie?</Content>
                    <Tip1>Morze Kaspijskie</Tip1>
                    <Tip2>Jezioro Wiktorii</Tip2>
                    <Tip3>Bajkał</Tip3>
                    <Tip4>Jezioro Górne</Tip4>
                    <Used>False</Used>
                </Question>
                <Question type="AwanturaLib.Question">
                    <Content>Ile łącznie szczytów liczy Korona Gór Polski?</Content>
                    <Tip1>28</Tip1>
                    <Tip2>22</Tip2>
                    <Tip3>26</Tip3>
                    <Tip4>30</Tip4>
                    <Used>False</Used>
                </Question>
                <Question type="AwanturaLib.Question">
                    <Content>Jaka jest najwyższa góra na świecie biorąc pod uwagę jej wysokość od podnóża po szczyt?</Content>
                    <Tip1>wulkan Mauna Kea</Tip1>
                    <Tip2>Mount Everest</Tip2>
                    <Tip3>K2</Tip3>
                    <Tip4>Elbrus</Tip4>
                    <Used>False</Used>
                </Question>
                <Question type="AwanturaLib.Question">
                    <Content>Jak nazywa się największe pasmo górskie we wschodniej części Stanów Zjednoczonych?</Content>
                    <Tip1>Apallachy</Tip1>
                    <Tip2>Góry Białe</Tip2>
                    <Tip3>Góry Zielone</Tip3>
                    <Tip4>Adirondack</Tip4>
                    <Used>False</Used>
                </Question>
                <Question type="AwanturaLib.Question">
                    <Content>Przez ile państw przebiega pasmo gór Karpaty?</Content>
                    <Tip1>8</Tip1>
                    <Tip2>10</Tip2>
                    <Tip3>2</Tip3>
                    <Tip4>5</Tip4>
                    <Used>False</Used>
                </Question>
                <Question type="AwanturaLib.Question">
                    <Content>Która pustynia jest największa na świecie?</Content>
                    <Tip1>Sahara</Tip1>
                    <Tip2>Pustynia Gobi</Tip2>
                    <Tip3>Wielka Pustynia Piaszczysta</Tip3>
                    <Tip4>Wielka Pustynia Wiktorii</Tip4>
                    <Used>False</Used>
                </Question>
                <Question type="AwanturaLib.Question">
                    <Content>Jak nazywa się najmniejsze państwo na świecie? </Content>
                    <Tip1>Watykan</Tip1>
                    <Tip2>Monako</Tip2>
                    <Tip3>Luksemburg</Tip3>
                    <Tip4>San Marino</Tip4>
                    <Used>False</Used>
                </Question>
                <Question type="AwanturaLib.Question">
                    <Content>W którym województwie leży Babiogórski Park Narodowy?</Content>
                    <Tip1>w śląskim</Tip1>
                    <Tip2>w małopolskim</Tip2>
                    <Tip3>w podkarpackim</Tip3>
                    <Tip4>w świętokrzyskim</Tip4>
                    <Used>False</Used>
                </Question>
            </Value>
        </Item>
        <Item>
            <Key>Motoryzacja</Key>
            <Value>
                <Question type="AwanturaLib.Question">
                    <Content>Kto uruchomił pierwszą wielkoseryjną produkcję samochodów?</Content>
                    <Tip1>Henry Ford</Tip1>
                    <Tip2>Karl Benz</Tip2>
                    <Tip3>Vincenzo Lancia</Tip3>
                    <Tip4>August Horch</Tip4>
                    <Used>False</Used>
                </Question>
                <Question type="AwanturaLib.Question">
                    <Content>Jaką energią jest zasilany samochód marki Tesla?</Content>
                    <Tip1>elektryczną</Tip1>
                    <Tip2>spalinową</Tip2>
                    <Tip3>słoneczną</Tip3>
                    <Tip4>jądrową</Tip4>
                    <Used>False</Used>
                </Question>
                <Question type="AwanturaLib.Question">
                    <Content>Jak nazywa się polska firma produkująca min autobusy miejskie, posiadająca główną siedzibę w Bolechowie-Osiedlu?</Content>
                    <Tip1>Solaris</Tip1>
                    <Tip2>Newag</Tip2>
                    <Tip3>Autosan</Tip3>
                    <Tip4>MAN</Tip4>
                    <Used>False</Used>
                </Question>
                <Question type="AwanturaLib.Question">
                    <Content>Gdzie w samochodzie wykorzystywany jest układ ABS?</Content>
                    <Tip1>w hamulcach</Tip1>
                    <Tip2>w sprzęgle</Tip2>
                    <Tip3>w silniku</Tip3>
                    <Tip4>w skrzyni biegów</Tip4>
                    <Used>False</Used>
                </Question>
                <Question type="AwanturaLib.Question">
                    <Content>Która firma wyprodukowała następujące modele samochodów: Supra, Hilux, Verso, Auris?</Content>
                    <Tip1>Toyota</Tip1>
                    <Tip2>Audi</Tip2>
                    <Tip3>Peugeout</Tip3>
                    <Tip4>Skoda</Tip4>
                    <Used>False</Used>
                </Question>
                <Question type="AwanturaLib.Question">
                    <Content>Jaką inną nazwą określa się Fiata 125p?</Content>
                    <Tip1>Duży Fiat</Tip1>
                    <Tip2>Kaszlak</Tip2>
                    <Tip3>Maluch</Tip3>
                    <Tip4>Gazik</Tip4>
                    <Used>False</Used>
                </Question>
                <Question type="AwanturaLib.Question">
                    <Content>Jak inaczej nazywa się silnik wysokoprężny (samozapłonowy)?</Content>
                    <Tip1>silnik Diesla</Tip1>
                    <Tip2>silnik Wankla</Tip2>
                    <Tip3>silnik wysokoprężny</Tip3>
                    <Tip4>silnik spalinowy</Tip4>
                    <Used>False</Used>
                </Question>
                <Question type="AwanturaLib.Question">
                    <Content>Gdzie miała główną siedzibę polska firma WSK produkująca motocykle?</Content>
                    <Tip1>w Świdniku</Tip1>
                    <Tip2>w Krakowie</Tip2>
                    <Tip3>w Łodzi</Tip3>
                    <Tip4>w Bydgoszczy</Tip4>
                    <Used>False</Used>
                </Question>
                <Question type="AwanturaLib.Question">
                    <Content>Z jakiego kraju pochodzi marka SAAB?</Content>
                    <Tip1>ze Szwecji</Tip1>
                    <Tip2>z Finlandii</Tip2>
                    <Tip3>z Austrii</Tip3>
                    <Tip4>z Norwegii</Tip4>
                    <Used>False</Used>
                </Question>
                <Question type="AwanturaLib.Question">
                    <Content>W którym kraju produkowano samochody ciężarowe Kraz?</Content>
                    <Tip1>ZSRR</Tip1>
                    <Tip2>Bułgaria</Tip2>
                    <Tip3>Rumunia</Tip3>
                    <Tip4>Jugosławia</Tip4>
                    <Used>False</Used>
                </Question>
            </Value>
        </Item>
        <Item>
            <Key>Sport</Key>
            <Value>
                <Question type="AwanturaLib.Question">
                    <Content>Kto jest najbardziej utytułowanym kierowcą w historii rajdów WRC?</Content>
                    <Tip1>Sébastien Loeb</Tip1>
                    <Tip2>Sébastien Ogier</Tip2>
                    <Tip3>Colin McRae</Tip3>
                    <Tip4>Carlos Sainz</Tip4>
                    <Used>False</Used>
                </Question>
                <Question type="AwanturaLib.Question">
                    <Content>Kto wygrał najwięcej etapów wyścigu kolarskiego Tour de France? </Content>
                    <Tip1>Eddy Merckx</Tip1>
                    <Tip2>Lance Armstrong</Tip2>
                    <Tip3>Bernard Hinault</Tip3>
                    <Tip4>Mark Cavendish</Tip4>
                    <Used>False</Used>
                </Question>
                <Question type="AwanturaLib.Question">
                    <Content>Jaki skrót nosi największa zawodowa liga futbolu amerykańskiego?</Content>
                    <Tip1>NFL</Tip1>
                    <Tip2>NHL</Tip2>
                    <Tip3>NBA</Tip3>
                    <Tip4>MLS</Tip4>
                    <Used>False</Used>
                </Question>
                <Question type="AwanturaLib.Question">
                    <Content>W jakim sporcie jeździ się na koniu na trawiastym boisku i strzela się białą piłką do bramki przeciwnika?</Content>
                    <Tip1>w polo</Tip1>
                    <Tip2>w woltyżerce</Tip2>
                    <Tip3>w hippice</Tip3>
                    <Tip4>w reiningu</Tip4>
                    <Used>False</Used>
                </Question>
                <Question type="AwanturaLib.Question">
                    <Content>Na jakim torze odbył się pierwszy wyścig Formuły 1?</Content>
                    <Tip1>Silverstone</Tip1>
                    <Tip2>Monza</Tip2>
                    <Tip3>Hungaroring</Tip3>
                    <Tip4>Nurburgring</Tip4>
                    <Used>False</Used>
                </Question>
                <Question type="AwanturaLib.Question">
                    <Content>W jakim mieście odbędą się Zimowe Igrzyska Olimpijskie w 2018 roku?</Content>
                    <Tip1>w Pjongczangu</Tip1>
                    <Tip2>w Monachium</Tip2>
                    <Tip3>w Tokio</Tip3>
                    <Tip4>w Soczi</Tip4>
                    <Used>False</Used>
                </Question>
                <Question type="AwanturaLib.Question">
                    <Content>Jakie polskie miasto jest gospodarzem corocznych zawodów z cyklu Pucharu Świata w skokach narciarskich na skoczni im. Stanisława Marusarza?</Content>
                    <Tip1>Zakopane</Tip1>
                    <Tip2>Wisła</Tip2>
                    <Tip3>Szczyrk</Tip3>
                    <Tip4>Poronin</Tip4>
                    <Used>False</Used>
                </Question>
                <Question type="AwanturaLib.Question">
                    <Content>Ilu łącznie zawodników przebywa na parkiecie podczas meczu koszykarskiego?</Content>
                    <Tip1>10</Tip1>
                    <Tip2>6</Tip2>
                    <Tip3>8</Tip3>
                    <Tip4>12</Tip4>
                    <Used>False</Used>
                </Question>
            </Value>
        </Item>
    </Questions>
</QuestionsSet>